[{"path":"/home/u217848/smithwaterman/src/lambda_buffer.cpp","name":"lambda_buffer.cpp","has_active_debug_locs":false,"absName":"/home/u217848/smithwaterman/src/lambda_buffer.cpp","content":"#include <iostream>\u000A#include <vector>\u000A#include <algorithm>\u000A#include <string>\u000A\u000A// oneAPI headers\u000A#include <sycl/ext/intel/fpga_extensions.hpp>\u000A#include <sycl/sycl.hpp>\u000A\u000A// Global scoring constants\u000Aconstexpr int match_score = 2;\u000Aconstexpr int mismatch_penalty = 1;\u000Aconstexpr int gap_penalty = 2;\u000A\u000A// Smith-Waterman algorithm kernel\u000Aclass SmithWatermanKernel;\u000A\u000Astd::pair<std::string, std::string> SmithWaterman(sycl::queue& q, const std::string& seq_a, const std::string& seq_b) {\u000A    int len_a = seq_a.length();\u000A    int len_b = seq_b.length();\u000A    \u000A    sycl::buffer<int, 2> score_matrix({static_cast<size_t>(len_a + 1), static_cast<size_t>(len_b + 1)});\u000A    sycl::buffer<char> align_a(len_a);\u000A    sycl::buffer<char> align_b(len_b);\u000A    \u000A    sycl::buffer<char> seq_a_buf(seq_a.begin(), seq_a.end());\u000A    sycl::buffer<char> seq_b_buf(seq_b.begin(), seq_b.end());\u000A\u000A    q.submit([&](sycl::handler& h) {\u000A        sycl::accessor score_acc(score_matrix, h, sycl::write_only, sycl::no_init);\u000A        sycl::accessor seq_a_acc(seq_a_buf, h, sycl::read_only);\u000A        sycl::accessor seq_b_acc(seq_b_buf, h, sycl::read_only);\u000A        \u000A        h.parallel_for<SmithWatermanKernel>(sycl::range<2>(len_a + 1, len_b + 1), [=](sycl::id<2> idx) {\u000A            int i = idx[0];\u000A            int j = idx[1];\u000A            \u000A            if (i == 0 || j == 0) {\u000A                score_acc[idx] = 0;\u000A            } else {\u000A                int score_diag = score_acc[{static_cast<size_t>(i - 1), static_cast<size_t>(j - 1)}] + (seq_a_acc[i - 1] == seq_b_acc[j - 1] ? match_score : -mismatch_penalty);\u000A                int score_up = score_acc[{static_cast<size_t>(i - 1), static_cast<size_t>(j)}] - gap_penalty;\u000A                int score_left = score_acc[{static_cast<size_t>(i), static_cast<size_t>(j - 1)}] - gap_penalty;\u000A                score_acc[idx] = sycl::max(0, sycl::max(score_diag, sycl::max(score_up, score_left)));\u000A            }\u000A        });\u000A    });\u000A    \u000A    // Traceback on host\u000A    int m = len_a;\u000A    int n = len_b;\u000A    std::string align_a_str(len_a, ' ');\u000A    std::string align_b_str(len_b, ' ');\u000A    \u000A    while (m > 0 && n > 0) {\u000A        sycl::host_accessor score_acc(score_matrix, sycl::read_only);\u000A        \u000A        if (seq_a[m - 1] == seq_b[n - 1] && score_acc[{static_cast<size_t>(m), static_cast<size_t>(n)}] == score_acc[{static_cast<size_t>(m - 1), static_cast<size_t>(n - 1)}] + match_score) {\u000A            align_a_str[m - 1] = seq_a[m - 1];\u000A            align_b_str[n - 1] = seq_b[n - 1];\u000A            m--;\u000A            n--;\u000A        } else if (score_acc[{static_cast<size_t>(m), static_cast<size_t>(n)}] == score_acc[{static_cast<size_t>(m - 1), static_cast<size_t>(n)}] - gap_penalty) {\u000A            align_a_str[m - 1] = seq_a[m - 1];\u000A            align_b_str[n - 1] = '-';\u000A            m--;  \u000A        } else {\u000A            align_a_str[m - 1] = '-';\u000A            align_b_str[n - 1] = seq_b[n - 1];\u000A            n--;\u000A        }\u000A    }\u000A\u000A    return {align_a_str, align_b_str};\u000A}\u000A\u000Aint main() {\u000A    bool passed = true;\u000A\u000A    try {\u000A        // Use compile-time macros to select either:\u000A        // - the FPGA emulator device (CPU emulation of the FPGA)\u000A        // - the FPGA device (a real FPGA)\u000A        // - the simulator device\u000A        #if FPGA_SIMULATOR\u000A        auto selector = sycl::ext::intel::fpga_simulator_selector_v;\u000A        #elif FPGA_HARDWARE\u000A        auto selector = sycl::ext::intel::fpga_selector_v;\u000A        #else // #if FPGA_EMULATOR\u000A        auto selector = sycl::ext::intel::fpga_emulator_selector_v;\u000A        #endif\u000A\u000A        // create the device queue\u000A        sycl::queue q(selector);\u000A\u000A        // make sure the device supports USM host allocations\u000A        auto device = q.get_device();\u000A        std::cout << \"Running on device: \"\u000A                  << device.get_info<sycl::info::device::name>().c_str()\u000A                  << std::endl;\u000A        \u000A        std::string seq_a = \"ACGTACGTACGTACGTACGTACGTACGTACGT\";\u000A        std::string seq_b = \"ACGTAGATACGTAGATACGTAGATAC\"; \u000A        auto result = SmithWaterman(q, seq_a, seq_b);\u000A\u000A        // Expected results\u000A        std::string expected_a = \"ACGTACG-TACGTACG-TACGTACG-TACGT\";\u000A        std::string expected_b = \"ACGTA-GATACGTA-GATACGTA-GATAC--\"; \u000A\u000A        passed = (result.first == expected_a && result.second == expected_b);\u000A\u000A        std::cout << \"Algorithm correctness: \" << (passed ? \"PASSED\" : \"FAILED\") << std::endl;\u000A        std::cout << \"Smith-Waterman algorithm completed successfully.\" << std::endl;\u000A    } catch (sycl::exception const &e) {\u000A        // Catches exceptions in the host code\u000A        std::cerr << \"Caught a SYCL host exception:\\n\" << e.what() << \"\\n\";\u000A\u000A        // Most likely the runtime couldn't find FPGA hardware!\u000A        if (e.code().value() == CL_DEVICE_NOT_FOUND) {\u000A            std::cerr << \"If you are targeting an FPGA, please ensure that your \"\u000A                         \"system has a correctly configured FPGA board.\\n\";\u000A            std::cerr << \"Run sys_check in the oneAPI root directory to verify.\\n\";\u000A            std::cerr << \"If you are targeting the FPGA emulator, compile with \"\u000A                         \"-DFPGA_EMULATOR.\\n\";\u000A        }\u000A        std::terminate();\u000A    }\u000A\u000A    return passed ? 0 : 1;\u000A}\u000A"},{"path":"/glob/development-tools/versions/oneapi/2024.1/oneapi/tbb/2021.12/include/tbb/tbb.h","name":"tbb.h","has_active_debug_locs":false,"absName":"/glob/development-tools/versions/oneapi/2024.1/oneapi/tbb/2021.12/include/tbb/tbb.h","content":"/*\u000A    Copyright (c) 2005-2021 Intel Corporation\u000A\u000A    Licensed under the Apache License, Version 2.0 (the \"License\");\u000A    you may not use this file except in compliance with the License.\u000A    You may obtain a copy of the License at\u000A\u000A        http://www.apache.org/licenses/LICENSE-2.0\u000A\u000A    Unless required by applicable law or agreed to in writing, software\u000A    distributed under the License is distributed on an \"AS IS\" BASIS,\u000A    WITHOUT WARRANTIES OR CONDITIONS OF ANY KIND, either express or implied.\u000A    See the License for the specific language governing permissions and\u000A    limitations under the License.\u000A*/\u000A\u000A#include \"../oneapi/tbb.h\"\u000A"}]