{
  "nodes":
  [
    {
      "name":"0"
      , "id":65
      , "details":
      [
        {
          "type":"table"
          , "Board Supports Interleaving":"No"
          , "Channels":"1 channel"
          , "Maximum bandwidth the BSP can deliver":"0.00 MB/s<br><small><i> Note: Realistic maximum bandwidth is about 90% of the above due to loss from interconnect and memory controller.</i></small>"
          , "Channel 0 Width (bits)":"64"
        }
      ]
      , "type":"memsys"
      , "children":
      [
        {
          "name":"0"
          , "id":67
          , "details":
          [
            {
              "type":"table"
              , "Data Width":"64"
              , "Address Width":"35"
              , "Latency":"1"
              , "ReadWrite Mode":"Read/Write"
              , "Maximum Burst":"1"
              , "Wait Request":"0"
              , "Start Address":"0x0"
            }
          ]
          , "type":"bb"
        }
      ]
    }
    , {
      "name":"Memory Controller"
      , "id":66
      , "parent":"65"
      , "bw":"0.00"
      , "num_channels":"1"
      , "interleave":"0"
      , "details":
      [
        {
          "type":"table"
          , "Maximum bandwidth the BSP can deliver":"0.00 MB/s<br><small><i> Note: Realistic maximum bandwidth is about 90% of the above due to loss from interconnect and memory controller.</i></small>"
        }
      ]
      , "type":"bb"
    }
    , {
      "name":"Global Memory Interconnect"
      , "id":68
      , "parent":"65"
      , "type":"bb"
      , "children":
      [
        {
          "name":"SHARE"
          , "id":69
          , "type":"arb"
        }
        , {
          "name":"Write Interconnect"
          , "id":72
          , "details":
          [
            {
              "type":"table"
              , "Name":"0"
              , "Interconnect Style":"tree"
              , "Writes":"1"
              , "User specified force-single-store-ring flag":"False"
              , "Store Rings":"1"
            }
          ]
          , "type":"bb"
        }
        , {
          "name":"Read Interconnect"
          , "id":70
          , "details":
          [
            {
              "type":"table"
              , "Name":"0"
              , "Interconnect Style":"tree"
              , "Reads":"5"
            }
          ]
          , "type":"bb"
        }
        , {
          "name":"Read Interconnect Router"
          , "id":71
          , "details":
          [
            {
              "type":"table"
              , "User specified num-reorder flag":"Unset"
            }
          ]
          , "type":"memsys"
          , "children":
          [
            {
              "name":"Bus 0"
              , "id":81
              , "type":"memsys"
            }
          ]
        }
      ]
    }
    , {
      "name":"Global Memory Loads"
      , "id":73
      , "parent":"65"
      , "type":"bb"
      , "children":
      [
        {
          "name":"LD"
          , "id":74
          , "kwidth":"32"
          , "mwidth":"64"
          , "details":
          [
            {
              "type":"table"
              , "Start Cycle":"45"
              , "Latency":"31 cycles"
              , "Width":"32 bits"
              , "0 Width":"64 bits"
              , "Uses Caching":"No"
              , "LSU Style":"PIPELINED"
              , "Kernel":"SmithWatermanKernel"
            }
          ]
          , "debug":
          [
            [
              {
                "filename":"/home/u217848/smithwaterman/src/lambda_buffer.cpp"
                , "line":41
              }
            ]
          ]
          , "type":"inst"
        }
        , {
          "name":"LD"
          , "id":75
          , "kwidth":"8"
          , "mwidth":"64"
          , "details":
          [
            {
              "type":"table"
              , "Start Cycle":"45"
              , "Latency":"31 cycles"
              , "Width":"8 bits"
              , "0 Width":"64 bits"
              , "Uses Caching":"No"
              , "LSU Style":"PIPELINED"
              , "Kernel":"SmithWatermanKernel"
            }
          ]
          , "debug":
          [
            [
              {
                "filename":"/home/u217848/smithwaterman/src/lambda_buffer.cpp"
                , "line":41
              }
            ]
          ]
          , "type":"inst"
        }
        , {
          "name":"LD"
          , "id":76
          , "kwidth":"8"
          , "mwidth":"64"
          , "details":
          [
            {
              "type":"table"
              , "Start Cycle":"45"
              , "Latency":"31 cycles"
              , "Width":"8 bits"
              , "0 Width":"64 bits"
              , "Uses Caching":"No"
              , "LSU Style":"PIPELINED"
              , "Kernel":"SmithWatermanKernel"
            }
          ]
          , "debug":
          [
            [
              {
                "filename":"/home/u217848/smithwaterman/src/lambda_buffer.cpp"
                , "line":41
              }
            ]
          ]
          , "type":"inst"
        }
        , {
          "name":"LD"
          , "id":77
          , "kwidth":"32"
          , "mwidth":"64"
          , "details":
          [
            {
              "type":"table"
              , "Start Cycle":"45"
              , "Latency":"31 cycles"
              , "Width":"32 bits"
              , "0 Width":"64 bits"
              , "Uses Caching":"No"
              , "LSU Style":"PIPELINED"
              , "Kernel":"SmithWatermanKernel"
            }
          ]
          , "debug":
          [
            [
              {
                "filename":"/home/u217848/smithwaterman/src/lambda_buffer.cpp"
                , "line":42
              }
            ]
          ]
          , "type":"inst"
        }
        , {
          "name":"LD"
          , "id":78
          , "kwidth":"32"
          , "mwidth":"64"
          , "details":
          [
            {
              "type":"table"
              , "Start Cycle":"45"
              , "Latency":"31 cycles"
              , "Width":"32 bits"
              , "0 Width":"64 bits"
              , "Uses Caching":"No"
              , "LSU Style":"PIPELINED"
              , "Kernel":"SmithWatermanKernel"
            }
          ]
          , "debug":
          [
            [
              {
                "filename":"/home/u217848/smithwaterman/src/lambda_buffer.cpp"
                , "line":43
              }
            ]
          ]
          , "type":"inst"
        }
      ]
    }
    , {
      "name":"Global Memory Stores"
      , "id":79
      , "parent":"65"
      , "type":"bb"
      , "children":
      [
        {
          "name":"ST"
          , "id":80
          , "kwidth":"32"
          , "mwidth":"64"
          , "details":
          [
            {
              "type":"table"
              , "Start Cycle":"109"
              , "Latency":"31 cycles"
              , "Width":"32 bits"
              , "0 Width":"64 bits"
              , "Uses Write Ack":"Yes"
              , "LSU Style":"PIPELINED"
              , "Kernel":"SmithWatermanKernel"
            }
          ]
          , "debug":
          [
            [
              {
                "filename":"/home/u217848/smithwaterman/src/lambda_buffer.cpp"
                , "line":39
              }
            ]
          ]
          , "type":"inst"
        }
      ]
    }
  ]
  , "links":
  [
    {
      "from":67
      , "to":66
    }
    , {
      "from":66
      , "to":67
    }
    , {
      "from":70
      , "to":69
    }
    , {
      "from":72
      , "to":69
    }
    , {
      "from":69
      , "to":66
    }
    , {
      "from":74
      , "to":70
    }
    , {
      "from":75
      , "to":70
    }
    , {
      "from":76
      , "to":70
    }
    , {
      "from":77
      , "to":70
    }
    , {
      "from":78
      , "to":70
    }
    , {
      "from":80
      , "to":72
    }
    , {
      "from":66
      , "to":81
    }
    , {
      "from":81
      , "to":74
      , "reverse":1
    }
    , {
      "from":81
      , "to":75
      , "reverse":1
    }
    , {
      "from":81
      , "to":76
      , "reverse":1
    }
    , {
      "from":81
      , "to":77
      , "reverse":1
    }
    , {
      "from":81
      , "to":78
      , "reverse":1
    }
  ]
}
