{"compileInfo":{"nodes":[{"id":1,"time":"Sat, Apr 27, 2024, 03:14:22","name":"SmithWaterman","version":"2024.1.0 Build 1097aa05bafa5450f9d5ca1475d35f5295a7b2fb","command":"aoc -o /home/u217848/tmp/lambda_buffer-4548da-664e4c.aocr /home/u217848/tmp/icpx-1c0fae7408/lambda_buffer-a1bda4-66b8ff.spv -sycl -rtl -dep-files=/home/u217848/tmp/icpx-1c0fae7408/lambda_buffer.cpp-31fa41.d -output-report-folder=SmithWaterman.report.prj -g -hardware -target=Agilex7","quartus":"","product":"SYCL","family":"Agilex7, AGFB014R24A2E2V"}]}}