{
  "columns":
  ["", "Pipelined", "II", "Speculated iterations", "Details"]
  , "children":
  [
    {
      "name":"Kernel: SmithWatermanKernel"
      , "data":
      ["", "", ""]
      , "debug":
      [
        [
          {
            "filename":"/home/u217848/smithwaterman/src/lambda_buffer.cpp"
            , "line":34
          }
        ]
      ]
      , "details":
      [
        {
          "type":"brief"
          , "text":"ND-Range"
        }
        , {
          "type":"text"
          , "text":"ND-Range"
        }
        , {
          "type":"text"
          , "text":"fMAX bottleneck block: None"
        }
        , {
          "type":"text"
          , "text":"See %L for more information"
          , "links":
          [
            {
              "guide":"FPGA Handbook : Single Work-item Kernels"
              , "link":"https://www.intel.com/content/www/us/en/docs/oneapi-fpga-add-on/developer-guide/current/single-work-item-kernels.html"
            }
          ]
        }
      ]
    }
  ]
}
