{
  "name":"loop_attributes"
  , "id":54
  , "nodes":
  [
    {
      "name":"SmithWatermanKernel"
      , "id":1
      , "clk":"No"
      , "fmax":"480.00"
      , "type":"kernel"
      , "children":
      [
        {
          "name":"SmithWatermanKernel.B0"
          , "id":2
          , "af":"480.00"
          , "br":"0"
          , "ci":"0"
          , "fo":"Disabled"
          , "ii":"1"
          , "ll":"1"
          , "lllt":"140.000000"
          , "lt":"140.000000"
          , "mi":"n/a"
          , "pl":"Yes"
          , "tc":"0"
          , "tn":"1"
          , "type":"bb"
        }
      ]
    }
  ]
}
