{
  "nodes":
  [
    {
      "type":"kernel"
      , "id":2
      , "name":"SmithWatermanKernel"
      , "children":
      [
        {
          "type":"bb"
          , "id":3
          , "name":"SmithWatermanKernel.B0"
          , "children":
          [
            {
              "type":"inst"
              , "id":4
              , "name":"Load"
              , "debug":
              [
                [
                  {
                    "filename":"/home/u217848/smithwaterman/src/lambda_buffer.cpp"
                    , "line":41
                  }
                ]
              ]
              , "details":
              [
                {
                  "type":"table"
                  , "Width":"32 bits"
                  , "Type":"Pipelined"
                  , "Stall-free":"No"
                  , "Alignment":"4"
                  , "Start Cycle":"45"
                  , "Latency":"31"
                  , "Reference":
                  [
                    {
                      "type":"text"
                      , "text":"See %L for more information"
                      , "links":
                      [
                        {
                          "guide":"FPGA Handbook : Load-Store Unit Styles"
                          , "link":"https://www.intel.com/content/www/us/en/docs/oneapi-fpga-add-on/developer-guide/current/load-store-unit-styles.html"
                        }
                      ]
                    }
                  ]
                }
              ]
            }
            , {
              "type":"inst"
              , "id":5
              , "name":"Load"
              , "debug":
              [
                [
                  {
                    "filename":"/home/u217848/smithwaterman/src/lambda_buffer.cpp"
                    , "line":41
                  }
                ]
              ]
              , "details":
              [
                {
                  "type":"table"
                  , "Width":"8 bits"
                  , "Type":"Pipelined"
                  , "Stall-free":"No"
                  , "Alignment":"1"
                  , "Start Cycle":"45"
                  , "Latency":"31"
                  , "Reference":
                  [
                    {
                      "type":"text"
                      , "text":"See %L for more information"
                      , "links":
                      [
                        {
                          "guide":"FPGA Handbook : Load-Store Unit Styles"
                          , "link":"https://www.intel.com/content/www/us/en/docs/oneapi-fpga-add-on/developer-guide/current/load-store-unit-styles.html"
                        }
                      ]
                    }
                  ]
                }
              ]
            }
            , {
              "type":"inst"
              , "id":6
              , "name":"Load"
              , "debug":
              [
                [
                  {
                    "filename":"/home/u217848/smithwaterman/src/lambda_buffer.cpp"
                    , "line":41
                  }
                ]
              ]
              , "details":
              [
                {
                  "type":"table"
                  , "Width":"8 bits"
                  , "Type":"Pipelined"
                  , "Stall-free":"No"
                  , "Alignment":"1"
                  , "Start Cycle":"45"
                  , "Latency":"31"
                  , "Reference":
                  [
                    {
                      "type":"text"
                      , "text":"See %L for more information"
                      , "links":
                      [
                        {
                          "guide":"FPGA Handbook : Load-Store Unit Styles"
                          , "link":"https://www.intel.com/content/www/us/en/docs/oneapi-fpga-add-on/developer-guide/current/load-store-unit-styles.html"
                        }
                      ]
                    }
                  ]
                }
              ]
            }
            , {
              "type":"inst"
              , "id":7
              , "name":"Load"
              , "debug":
              [
                [
                  {
                    "filename":"/home/u217848/smithwaterman/src/lambda_buffer.cpp"
                    , "line":42
                  }
                ]
              ]
              , "details":
              [
                {
                  "type":"table"
                  , "Width":"32 bits"
                  , "Type":"Pipelined"
                  , "Stall-free":"No"
                  , "Alignment":"4"
                  , "Start Cycle":"45"
                  , "Latency":"31"
                  , "Reference":
                  [
                    {
                      "type":"text"
                      , "text":"See %L for more information"
                      , "links":
                      [
                        {
                          "guide":"FPGA Handbook : Load-Store Unit Styles"
                          , "link":"https://www.intel.com/content/www/us/en/docs/oneapi-fpga-add-on/developer-guide/current/load-store-unit-styles.html"
                        }
                      ]
                    }
                  ]
                }
              ]
            }
            , {
              "type":"inst"
              , "id":8
              , "name":"Load"
              , "debug":
              [
                [
                  {
                    "filename":"/home/u217848/smithwaterman/src/lambda_buffer.cpp"
                    , "line":43
                  }
                ]
              ]
              , "details":
              [
                {
                  "type":"table"
                  , "Width":"32 bits"
                  , "Type":"Pipelined"
                  , "Stall-free":"No"
                  , "Alignment":"4"
                  , "Start Cycle":"45"
                  , "Latency":"31"
                  , "Reference":
                  [
                    {
                      "type":"text"
                      , "text":"See %L for more information"
                      , "links":
                      [
                        {
                          "guide":"FPGA Handbook : Load-Store Unit Styles"
                          , "link":"https://www.intel.com/content/www/us/en/docs/oneapi-fpga-add-on/developer-guide/current/load-store-unit-styles.html"
                        }
                      ]
                    }
                  ]
                }
              ]
            }
            , {
              "type":"inst"
              , "id":9
              , "name":"Store"
              , "debug":
              [
                [
                  {
                    "filename":"/home/u217848/smithwaterman/src/lambda_buffer.cpp"
                    , "line":39
                  }
                ]
              ]
              , "details":
              [
                {
                  "type":"table"
                  , "Width":"32 bits"
                  , "Type":"Pipelined"
                  , "Stall-free":"No"
                  , "Alignment":"4"
                  , "Start Cycle":"109"
                  , "Latency":"31"
                  , "Reference":
                  [
                    {
                      "type":"text"
                      , "text":"See %L for more information"
                      , "links":
                      [
                        {
                          "guide":"FPGA Handbook : Load-Store Unit Styles"
                          , "link":"https://www.intel.com/content/www/us/en/docs/oneapi-fpga-add-on/developer-guide/current/load-store-unit-styles.html"
                        }
                      ]
                    }
                  ]
                }
              ]
            }
            , {
              "type":"inst"
              , "id":10
              , "name":"Begin"
              , "details":
              [
                {
                  "type":"table"
                  , "Start Cycle":"0"
                  , "Latency":"1"
                }
              ]
            }
            , {
              "type":"inst"
              , "id":11
              , "name":"End"
              , "details":
              [
                {
                  "type":"table"
                  , "Start Cycle":"140"
                  , "Latency":"1"
                }
              ]
            }
          ]
          , "details":
          [
            {
              "type":"table"
              , "Latency":"140"
            }
          ]
        }
        , {
          "type":"csr"
          , "id":12
          , "name":"Register Map"
          , "debug":
          [
            [
              {
                "filename":"SmithWaterman_report.prj/SmithWatermanKernel_csr.hpp"
                , "line":1
              }
            ]
          ]
          , "children":
          [
            {
              "type":"interface"
              , "id":13
              , "name":"start"
              , "debug":
              [
                [
                  {
                    "filename":"/home/u217848/smithwaterman/src/lambda_buffer.cpp"
                    , "line":34
                  }
                ]
              ]
            }
            , {
              "type":"interface"
              , "id":14
              , "name":"done"
              , "debug":
              [
                [
                  {
                    "filename":"/home/u217848/smithwaterman/src/lambda_buffer.cpp"
                    , "line":34
                  }
                ]
              ]
            }
            , {
              "type":"interface"
              , "id":15
              , "name":"busy"
              , "debug":
              [
                [
                  {
                    "filename":"/home/u217848/smithwaterman/src/lambda_buffer.cpp"
                    , "line":34
                  }
                ]
              ]
            }
            , {
              "type":"interface"
              , "id":16
              , "name":"arg_score_acc"
              , "debug":
              [
                [
                  {
                    "filename":"/home/u217848/smithwaterman/src/lambda_buffer.cpp"
                    , "line":34
                  }
                ]
              ]
              , "details":
              [
                {
                  "type":"table"
                  , "Stable":"No"
                  , "Width":"64 bits"
                  , "Kernel":"SmithWatermanKernel"
                }
              ]
            }
            , {
              "type":"interface"
              , "id":17
              , "name":"arg_score_acc1"
              , "debug":
              [
                [
                  {
                    "filename":"/home/u217848/smithwaterman/src/lambda_buffer.cpp"
                    , "line":34
                  }
                ]
              ]
              , "details":
              [
                {
                  "type":"table"
                  , "Stable":"No"
                  , "Width":"128 bits"
                  , "Kernel":"SmithWatermanKernel"
                }
              ]
            }
            , {
              "type":"interface"
              , "id":18
              , "name":"arg_score_acc2"
              , "debug":
              [
                [
                  {
                    "filename":"/home/u217848/smithwaterman/src/lambda_buffer.cpp"
                    , "line":34
                  }
                ]
              ]
              , "details":
              [
                {
                  "type":"table"
                  , "Stable":"No"
                  , "Width":"128 bits"
                  , "Kernel":"SmithWatermanKernel"
                }
              ]
            }
            , {
              "type":"interface"
              , "id":19
              , "name":"arg_score_acc4"
              , "debug":
              [
                [
                  {
                    "filename":"/home/u217848/smithwaterman/src/lambda_buffer.cpp"
                    , "line":34
                  }
                ]
              ]
              , "details":
              [
                {
                  "type":"table"
                  , "Stable":"No"
                  , "Width":"128 bits"
                  , "Kernel":"SmithWatermanKernel"
                }
              ]
            }
            , {
              "type":"interface"
              , "id":20
              , "name":"arg_seq_a_acc"
              , "debug":
              [
                [
                  {
                    "filename":"/home/u217848/smithwaterman/src/lambda_buffer.cpp"
                    , "line":34
                  }
                ]
              ]
              , "details":
              [
                {
                  "type":"table"
                  , "Stable":"No"
                  , "Width":"64 bits"
                  , "Kernel":"SmithWatermanKernel"
                }
              ]
            }
            , {
              "type":"interface"
              , "id":21
              , "name":"arg_seq_a_acc6"
              , "debug":
              [
                [
                  {
                    "filename":"/home/u217848/smithwaterman/src/lambda_buffer.cpp"
                    , "line":34
                  }
                ]
              ]
              , "details":
              [
                {
                  "type":"table"
                  , "Stable":"No"
                  , "Width":"64 bits"
                  , "Kernel":"SmithWatermanKernel"
                }
              ]
            }
            , {
              "type":"interface"
              , "id":22
              , "name":"arg_seq_a_acc7"
              , "debug":
              [
                [
                  {
                    "filename":"/home/u217848/smithwaterman/src/lambda_buffer.cpp"
                    , "line":34
                  }
                ]
              ]
              , "details":
              [
                {
                  "type":"table"
                  , "Stable":"No"
                  , "Width":"64 bits"
                  , "Kernel":"SmithWatermanKernel"
                }
              ]
            }
            , {
              "type":"interface"
              , "id":23
              , "name":"arg_seq_a_acc9"
              , "debug":
              [
                [
                  {
                    "filename":"/home/u217848/smithwaterman/src/lambda_buffer.cpp"
                    , "line":34
                  }
                ]
              ]
              , "details":
              [
                {
                  "type":"table"
                  , "Stable":"No"
                  , "Width":"64 bits"
                  , "Kernel":"SmithWatermanKernel"
                }
              ]
            }
            , {
              "type":"interface"
              , "id":24
              , "name":"arg_seq_b_acc"
              , "debug":
              [
                [
                  {
                    "filename":"/home/u217848/smithwaterman/src/lambda_buffer.cpp"
                    , "line":34
                  }
                ]
              ]
              , "details":
              [
                {
                  "type":"table"
                  , "Stable":"No"
                  , "Width":"64 bits"
                  , "Kernel":"SmithWatermanKernel"
                }
              ]
            }
            , {
              "type":"interface"
              , "id":25
              , "name":"arg_seq_b_acc11"
              , "debug":
              [
                [
                  {
                    "filename":"/home/u217848/smithwaterman/src/lambda_buffer.cpp"
                    , "line":34
                  }
                ]
              ]
              , "details":
              [
                {
                  "type":"table"
                  , "Stable":"No"
                  , "Width":"64 bits"
                  , "Kernel":"SmithWatermanKernel"
                }
              ]
            }
            , {
              "type":"interface"
              , "id":26
              , "name":"arg_seq_b_acc12"
              , "debug":
              [
                [
                  {
                    "filename":"/home/u217848/smithwaterman/src/lambda_buffer.cpp"
                    , "line":34
                  }
                ]
              ]
              , "details":
              [
                {
                  "type":"table"
                  , "Stable":"No"
                  , "Width":"64 bits"
                  , "Kernel":"SmithWatermanKernel"
                }
              ]
            }
            , {
              "type":"interface"
              , "id":27
              , "name":"arg_seq_b_acc14"
              , "debug":
              [
                [
                  {
                    "filename":"/home/u217848/smithwaterman/src/lambda_buffer.cpp"
                    , "line":34
                  }
                ]
              ]
              , "details":
              [
                {
                  "type":"table"
                  , "Stable":"No"
                  , "Width":"64 bits"
                  , "Kernel":"SmithWatermanKernel"
                }
              ]
            }
            , {
              "type":"interface"
              , "id":28
              , "name":"__acl_global_id_0"
              , "debug":
              [
                [
                  {
                    "filename":"/home/u217848/smithwaterman/src/lambda_buffer.cpp"
                    , "line":34
                  }
                ]
              ]
              , "details":
              [
                {
                  "type":"table"
                  , "Stable":"No"
                  , "Width":"64 bits"
                  , "Kernel":"SmithWatermanKernel"
                }
              ]
            }
            , {
              "type":"interface"
              , "id":29
              , "name":"__acl_global_id_1"
              , "debug":
              [
                [
                  {
                    "filename":"/home/u217848/smithwaterman/src/lambda_buffer.cpp"
                    , "line":34
                  }
                ]
              ]
              , "details":
              [
                {
                  "type":"table"
                  , "Stable":"No"
                  , "Width":"64 bits"
                  , "Kernel":"SmithWatermanKernel"
                }
              ]
            }
          ]
          , "details":
          [
            {
              "type":"table"
              , "Register Map Wrapper Type":"Low-Latency"
            }
          ]
        }
      ]
    }
    , {
      "type":"memtype"
      , "id":1
      , "name":"Global Memory"
      , "children":
      [
        {
          "type":"memsys"
          , "id":30
          , "name":"0"
          , "details":
          [
            {
              "type":"table"
              , "Number of banks":"1"
            }
          ]
        }
      ]
    }
  ]
  , "links":
  [
    {
      "from":13
      , "to":10
    }
    , {
      "from":11
      , "to":14
    }
    , {
      "from":10
      , "to":15
      , "reverse":2
    }
    , {
      "from":16
      , "to":10
    }
    , {
      "from":18
      , "to":10
    }
    , {
      "from":19
      , "to":10
    }
    , {
      "from":20
      , "to":10
    }
    , {
      "from":23
      , "to":10
    }
    , {
      "from":24
      , "to":10
    }
    , {
      "from":27
      , "to":10
    }
    , {
      "from":28
      , "to":10
    }
    , {
      "from":29
      , "to":10
    }
    , {
      "from":4
      , "to":11
    }
    , {
      "from":5
      , "to":11
    }
    , {
      "from":6
      , "to":11
    }
    , {
      "from":7
      , "to":11
    }
    , {
      "from":8
      , "to":11
    }
    , {
      "from":9
      , "to":11
    }
    , {
      "from":10
      , "to":4
    }
    , {
      "from":10
      , "to":5
    }
    , {
      "from":10
      , "to":6
    }
    , {
      "from":10
      , "to":7
    }
    , {
      "from":10
      , "to":8
    }
    , {
      "from":4
      , "to":9
    }
    , {
      "from":5
      , "to":9
    }
    , {
      "from":6
      , "to":9
    }
    , {
      "from":7
      , "to":9
    }
    , {
      "from":8
      , "to":9
    }
    , {
      "from":30
      , "to":4
    }
    , {
      "from":30
      , "to":5
    }
    , {
      "from":30
      , "to":6
    }
    , {
      "from":30
      , "to":7
    }
    , {
      "from":30
      , "to":8
    }
    , {
      "from":9
      , "to":30
    }
  ]
}
