{
  "nodes":
  [
    {
      "name":"SmithWatermanKernel"
      , "id":59
      , "type":"kernel"
      , "children":
      [
        {
          "name":"On-chip Memory"
          , "id":60
          , "type":"memtype"
          , "children":
          [
            {
              "name":"__SYCLKernel"
              , "id":61
              , "details":
              [
                {
                  "type":"table"
                  , "Declared at":
                  [
                    {
                      "type":"text"
                      , "text":"%L"
                      , "links":
                      [
                        {
                          "filename":"/home/u217848/smithwaterman/src/lambda_buffer.cpp"
                          , "line":"34"
                        }
                      ]
                    }
                  ]
                  , "Additional information":"This variable is carried through the pipeline in registers (rather than being stored in RAM)"
                }
              ]
              , "debug":
              [
                [
                  {
                    "filename":"/home/u217848/smithwaterman/src/lambda_buffer.cpp"
                    , "line":34
                  }
                ]
              ]
              , "type":"reg"
            }
            , {
              "name":"GlobalId"
              , "id":62
              , "details":
              [
                {
                  "type":"table"
                  , "Declared at":
                  [
                    {
                      "type":"text"
                      , "text":"%L"
                      , "links":
                      [
                        {
                          "filename":"/glob/development-tools/versions/oneapi/2024.1/oneapi/compiler/2024.1/bin/compiler/../../include/sycl/detail/helpers.hpp"
                          , "line":"165"
                        }
                      ]
                    }
                  ]
                  , "Additional information":"This variable is carried through the pipeline in registers (rather than being stored in RAM)"
                }
              ]
              , "debug":
              [
                [
                  {
                    "filename":"/glob/development-tools/versions/oneapi/2024.1/oneapi/compiler/2024.1/bin/compiler/../../include/sycl/detail/helpers.hpp"
                    , "line":165
                  }
                ]
              ]
              , "type":"reg"
            }
            , {
              "name":"GlobalSize"
              , "id":63
              , "details":
              [
                {
                  "type":"table"
                  , "Declared at":
                  [
                    {
                      "type":"text"
                      , "text":"%L"
                      , "links":
                      [
                        {
                          "filename":"/glob/development-tools/versions/oneapi/2024.1/oneapi/compiler/2024.1/bin/compiler/../../include/sycl/detail/helpers.hpp"
                          , "line":"166"
                        }
                      ]
                    }
                  ]
                  , "Additional information":"This variable is carried through the pipeline in registers (rather than being stored in RAM)"
                }
              ]
              , "debug":
              [
                [
                  {
                    "filename":"/glob/development-tools/versions/oneapi/2024.1/oneapi/compiler/2024.1/bin/compiler/../../include/sycl/detail/helpers.hpp"
                    , "line":166
                  }
                ]
              ]
              , "type":"reg"
            }
            , {
              "name":"GlobalOffset"
              , "id":64
              , "details":
              [
                {
                  "type":"table"
                  , "Declared at":
                  [
                    {
                      "type":"text"
                      , "text":"%L"
                      , "links":
                      [
                        {
                          "filename":"/glob/development-tools/versions/oneapi/2024.1/oneapi/compiler/2024.1/bin/compiler/../../include/sycl/detail/helpers.hpp"
                          , "line":"167"
                        }
                      ]
                    }
                  ]
                  , "Additional information":"This variable is carried through the pipeline in registers (rather than being stored in RAM)"
                }
              ]
              , "debug":
              [
                [
                  {
                    "filename":"/glob/development-tools/versions/oneapi/2024.1/oneapi/compiler/2024.1/bin/compiler/../../include/sycl/detail/helpers.hpp"
                    , "line":167
                  }
                ]
              ]
              , "type":"reg"
            }
          ]
        }
      ]
    }
  ]
  , "links":
  [
  ]
}
