{
  "3":
  {
    "nodes":
    [
      {
        "name":"Exit"
        , "id":11
        , "subtype":"exit"
        , "start":"14.00"
        , "end":"45.00"
        , "details":
        [
          {
            "type":"table"
            , "Max Fanout":"1"
            , "Start Cycle":"14"
            , "Latency":"3"
            , "Exit FIFO Depth":"512"
            , "Exit FIFO Width":"400"
            , "Details":"Exit FIFO depth is sized to accommodate all data that may be in-flight in the stall-free cluster; this depth will be equal to or greater than the latency of the cluster.  The width of the FIFO depends on the amount of data that needs to pass from the stall-free logic cluster to the stall-able logic below it."
          }
        ]
        , "type":"inst"
      }
      , {
        "name":"Entry"
        , "id":12
        , "subtype":"entry"
        , "details":
        [
          {
            "type":"table"
            , "Instruction":"Cluster Entry"
            , "Max Fanout":"0"
            , "Start Cycle":"0"
            , "Latency":"0"
          }
        ]
        , "type":"inst"
      }
      , {
        "name":"arg_score_acc2"
        , "id":13
        , "subtype":"default"
        , "start":"0.00"
        , "end":"1.00"
        , "details":
        [
          {
            "type":"table"
            , "Instruction":"Input Synchronization for 'arg_score_acc2'"
            , "Max Fanout":"1"
            , "Start Cycle":"0"
            , "Latency":"1"
          }
        ]
        , "type":"inst"
      }
      , {
        "name":"arg_score_acc4"
        , "id":14
        , "subtype":"default"
        , "start":"0.00"
        , "end":"1.00"
        , "details":
        [
          {
            "type":"table"
            , "Instruction":"Input Synchronization for 'arg_score_acc4'"
            , "Max Fanout":"1"
            , "Start Cycle":"0"
            , "Latency":"1"
          }
        ]
        , "type":"inst"
      }
      , {
        "name":"arg_score_acc4"
        , "id":15
        , "subtype":"default"
        , "start":"0.00"
        , "end":"12.00"
        , "details":
        [
          {
            "type":"table"
            , "Instruction":"Input Synchronization for 'arg_score_acc4'"
            , "Max Fanout":"1"
            , "Start Cycle":"0"
            , "Latency":"12"
          }
        ]
        , "type":"inst"
      }
      , {
        "name":"*"
        , "id":16
        , "subtype":"default"
        , "start":"1.00"
        , "end":"11.00"
        , "details":
        [
          {
            "type":"table"
            , "Instruction":"64-bit Integer Multiply"
            , "Max Fanout":"6"
            , "Start Cycle":"1"
            , "Latency":"10"
            , "Implementation Preference":"Default DSP usage"
          }
        ]
        , "debug":
        [
          [
            {
              "filename":"/glob/development-tools/versions/oneapi/2024.1/oneapi/compiler/2024.1/bin/compiler/../../include/sycl/accessor.hpp"
              , "line":2527
            }
          ]
        ]
        , "type":"inst"
      }
      , {
        "name":"+"
        , "id":17
        , "subtype":"default"
        , "start":"12.00"
        , "end":"12.00"
        , "details":
        [
          {
            "type":"table"
            , "Instruction":"64-bit Integer Add"
            , "Max Fanout":"1"
            , "Start Cycle":"12"
            , "Latency":"0"
          }
        ]
        , "debug":
        [
          [
            {
              "filename":"/glob/development-tools/versions/oneapi/2024.1/oneapi/compiler/2024.1/bin/compiler/../../include/sycl/accessor.hpp"
              , "line":2530
            }
          ]
        ]
        , "type":"inst"
      }
      , {
        "name":"arg_score_acc"
        , "id":18
        , "subtype":"default"
        , "start":"0.00"
        , "end":"13.00"
        , "details":
        [
          {
            "type":"table"
            , "Instruction":"Input Synchronization for 'arg_score_acc'"
            , "Max Fanout":"1"
            , "Start Cycle":"0"
            , "Latency":"13"
          }
        ]
        , "type":"inst"
      }
      , {
        "name":"Ptr. Comp."
        , "id":19
        , "subtype":"default"
        , "start":"12.00"
        , "end":"13.00"
        , "details":
        [
          {
            "type":"table"
            , "Instruction":"Pointer Computation"
            , "Max Fanout":"5"
            , "Start Cycle":"12"
            , "Latency":"1"
          }
        ]
        , "type":"inst"
      }
      , {
        "name":"Compare"
        , "id":20
        , "subtype":"default"
        , "start":"5.00"
        , "end":"6.00"
        , "details":
        [
          {
            "type":"table"
            , "Instruction":"32-bit Integer Compare"
            , "Max Fanout":"1"
            , "Start Cycle":"5"
            , "Latency":"1"
          }
        ]
        , "debug":
        [
          [
            {
              "filename":"/home/u217848/smithwaterman/src/lambda_buffer.cpp"
              , "line":38
            }
          ]
        ]
        , "type":"inst"
      }
      , {
        "name":"Compare"
        , "id":21
        , "subtype":"default"
        , "start":"12.00"
        , "end":"12.00"
        , "details":
        [
          {
            "type":"table"
            , "Instruction":"32-bit Integer Compare"
            , "Max Fanout":"1"
            , "Start Cycle":"12"
            , "Latency":"0"
          }
        ]
        , "type":"inst"
      }
      , {
        "name":"Select"
        , "id":22
        , "subtype":"select"
        , "start":"12.00"
        , "end":"13.00"
        , "details":
        [
          {
            "type":"table"
            , "Instruction":"1-bit Select"
            , "Max Fanout":"1"
            , "Start Cycle":"12"
            , "Latency":"1"
          }
        ]
        , "debug":
        [
          [
            {
              "filename":"/home/u217848/smithwaterman/src/lambda_buffer.cpp"
              , "line":38
            }
          ]
        ]
        , "type":"inst"
      }
      , {
        "name":"*"
        , "id":23
        , "subtype":"default"
        , "start":"1.00"
        , "end":"12.00"
        , "details":
        [
          {
            "type":"table"
            , "Instruction":"64-bit Integer Multiply"
            , "Max Fanout":"6"
            , "Start Cycle":"1"
            , "Latency":"11"
            , "Implementation Preference":"Default DSP usage"
          }
        ]
        , "debug":
        [
          [
            {
              "filename":"/glob/development-tools/versions/oneapi/2024.1/oneapi/compiler/2024.1/bin/compiler/../../include/sycl/accessor.hpp"
              , "line":1287
            }
          ]
        ]
        , "type":"inst"
      }
      , {
        "name":"arg_seq_b_acc14"
        , "id":24
        , "subtype":"default"
        , "start":"0.00"
        , "end":"12.00"
        , "details":
        [
          {
            "type":"table"
            , "Instruction":"Input Synchronization for 'arg_seq_b_acc14'"
            , "Max Fanout":"1"
            , "Start Cycle":"0"
            , "Latency":"12"
          }
        ]
        , "type":"inst"
      }
      , {
        "name":"arg_seq_b_acc"
        , "id":25
        , "subtype":"default"
        , "start":"0.00"
        , "end":"12.00"
        , "details":
        [
          {
            "type":"table"
            , "Instruction":"Input Synchronization for 'arg_seq_b_acc'"
            , "Max Fanout":"1"
            , "Start Cycle":"0"
            , "Latency":"12"
          }
        ]
        , "type":"inst"
      }
      , {
        "name":"Ptr. Comp."
        , "id":26
        , "subtype":"default"
        , "start":"12.00"
        , "end":"12.00"
        , "details":
        [
          {
            "type":"table"
            , "Instruction":"Pointer Computation"
            , "Max Fanout":"1"
            , "Start Cycle":"12"
            , "Latency":"0"
          }
        ]
        , "debug":
        [
          [
            {
              "filename":"/glob/development-tools/versions/oneapi/2024.1/oneapi/compiler/2024.1/bin/compiler/../../include/sycl/accessor.hpp"
              , "line":1362
            }
          ]
        ]
        , "type":"inst"
      }
      , {
        "name":"arg_seq_a_acc9"
        , "id":27
        , "subtype":"default"
        , "start":"0.00"
        , "end":"5.00"
        , "details":
        [
          {
            "type":"table"
            , "Instruction":"Input Synchronization for 'arg_seq_a_acc9'"
            , "Max Fanout":"1"
            , "Start Cycle":"0"
            , "Latency":"5"
          }
        ]
        , "type":"inst"
      }
      , {
        "name":"arg_seq_a_acc"
        , "id":28
        , "subtype":"default"
        , "start":"0.00"
        , "end":"5.00"
        , "details":
        [
          {
            "type":"table"
            , "Instruction":"Input Synchronization for 'arg_seq_a_acc'"
            , "Max Fanout":"1"
            , "Start Cycle":"0"
            , "Latency":"5"
          }
        ]
        , "type":"inst"
      }
      , {
        "name":"Ptr. Comp."
        , "id":29
        , "subtype":"default"
        , "start":"5.00"
        , "end":"5.00"
        , "details":
        [
          {
            "type":"table"
            , "Instruction":"Pointer Computation"
            , "Max Fanout":"1"
            , "Start Cycle":"5"
            , "Latency":"0"
          }
        ]
        , "debug":
        [
          [
            {
              "filename":"/glob/development-tools/versions/oneapi/2024.1/oneapi/compiler/2024.1/bin/compiler/../../include/sycl/accessor.hpp"
              , "line":1362
            }
          ]
        ]
        , "type":"inst"
      }
      , {
        "name":"+"
        , "id":30
        , "subtype":"default"
        , "start":"5.00"
        , "end":"5.00"
        , "details":
        [
          {
            "type":"table"
            , "Instruction":"32-bit Integer Add"
            , "Constant Operand":"-1 (0xFFFFFFFF)"
            , "Max Fanout":"1"
            , "Start Cycle":"5"
            , "Latency":"0"
          }
        ]
        , "debug":
        [
          [
            {
              "filename":"/home/u217848/smithwaterman/src/lambda_buffer.cpp"
              , "line":41
            }
          ]
        ]
        , "type":"inst"
      }
      , {
        "name":"+"
        , "id":31
        , "subtype":"default"
        , "start":"12.00"
        , "end":"12.00"
        , "details":
        [
          {
            "type":"table"
            , "Instruction":"32-bit Integer Add"
            , "Constant Operand":"-1 (0xFFFFFFFF)"
            , "Max Fanout":"1"
            , "Start Cycle":"12"
            , "Latency":"0"
          }
        ]
        , "debug":
        [
          [
            {
              "filename":"/home/u217848/smithwaterman/src/lambda_buffer.cpp"
              , "line":41
            }
          ]
        ]
        , "type":"inst"
      }
      , {
        "name":"*"
        , "id":32
        , "subtype":"default"
        , "start":"1.00"
        , "end":"12.00"
        , "details":
        [
          {
            "type":"table"
            , "Instruction":"64-bit Integer Multiply"
            , "Max Fanout":"6"
            , "Start Cycle":"1"
            , "Latency":"11"
            , "Implementation Preference":"Default DSP usage"
          }
        ]
        , "debug":
        [
          [
            {
              "filename":"/glob/development-tools/versions/oneapi/2024.1/oneapi/compiler/2024.1/bin/compiler/../../include/sycl/accessor.hpp"
              , "line":1287
            }
          ]
        ]
        , "type":"inst"
      }
      , {
        "name":"+"
        , "id":33
        , "subtype":"default"
        , "start":"13.00"
        , "end":"13.00"
        , "details":
        [
          {
            "type":"table"
            , "Instruction":"64-bit Integer Add"
            , "Max Fanout":"1"
            , "Start Cycle":"13"
            , "Latency":"0"
          }
        ]
        , "debug":
        [
          [
            {
              "filename":"/glob/development-tools/versions/oneapi/2024.1/oneapi/compiler/2024.1/bin/compiler/../../include/sycl/accessor.hpp"
              , "line":1287
            }
          ]
        ]
        , "type":"inst"
      }
      , {
        "name":"Ptr. Comp."
        , "id":34
        , "subtype":"default"
        , "start":"13.00"
        , "end":"14.00"
        , "details":
        [
          {
            "type":"table"
            , "Instruction":"Pointer Computation"
            , "Max Fanout":"5"
            , "Start Cycle":"13"
            , "Latency":"1"
          }
        ]
        , "type":"inst"
      }
      , {
        "name":"Ptr. Comp."
        , "id":35
        , "subtype":"default"
        , "start":"6.00"
        , "end":"6.00"
        , "details":
        [
          {
            "type":"table"
            , "Instruction":"Pointer Computation"
            , "Max Fanout":"2"
            , "Start Cycle":"6"
            , "Latency":"0"
          }
        ]
        , "debug":
        [
          [
            {
              "filename":"/glob/development-tools/versions/oneapi/2024.1/oneapi/compiler/2024.1/bin/compiler/../../include/sycl/accessor.hpp"
              , "line":2355
            }
          ]
        ]
        , "type":"inst"
      }
      , {
        "name":"Ptr. Comp."
        , "id":36
        , "subtype":"default"
        , "start":"13.00"
        , "end":"13.00"
        , "details":
        [
          {
            "type":"table"
            , "Instruction":"Pointer Computation"
            , "Max Fanout":"1"
            , "Start Cycle":"13"
            , "Latency":"0"
          }
        ]
        , "debug":
        [
          [
            {
              "filename":"/glob/development-tools/versions/oneapi/2024.1/oneapi/compiler/2024.1/bin/compiler/../../include/sycl/accessor.hpp"
              , "line":2355
            }
          ]
        ]
        , "type":"inst"
      }
      , {
        "name":"+"
        , "id":37
        , "subtype":"default"
        , "start":"13.00"
        , "end":"13.00"
        , "details":
        [
          {
            "type":"table"
            , "Instruction":"64-bit Integer Add"
            , "Max Fanout":"1"
            , "Start Cycle":"13"
            , "Latency":"0"
          }
        ]
        , "debug":
        [
          [
            {
              "filename":"/glob/development-tools/versions/oneapi/2024.1/oneapi/compiler/2024.1/bin/compiler/../../include/sycl/accessor.hpp"
              , "line":1287
            }
          ]
        ]
        , "type":"inst"
      }
      , {
        "name":"Ptr. Comp."
        , "id":38
        , "subtype":"default"
        , "start":"13.00"
        , "end":"14.00"
        , "details":
        [
          {
            "type":"table"
            , "Instruction":"Pointer Computation"
            , "Max Fanout":"5"
            , "Start Cycle":"13"
            , "Latency":"1"
          }
        ]
        , "type":"inst"
      }
      , {
        "name":"+"
        , "id":39
        , "subtype":"default"
        , "start":"13.00"
        , "end":"13.00"
        , "details":
        [
          {
            "type":"table"
            , "Instruction":"64-bit Integer Add"
            , "Max Fanout":"1"
            , "Start Cycle":"13"
            , "Latency":"0"
          }
        ]
        , "debug":
        [
          [
            {
              "filename":"/glob/development-tools/versions/oneapi/2024.1/oneapi/compiler/2024.1/bin/compiler/../../include/sycl/accessor.hpp"
              , "line":1287
            }
          ]
        ]
        , "type":"inst"
      }
      , {
        "name":"Ptr. Comp."
        , "id":40
        , "subtype":"default"
        , "start":"13.00"
        , "end":"14.00"
        , "details":
        [
          {
            "type":"table"
            , "Instruction":"Pointer Computation"
            , "Max Fanout":"5"
            , "Start Cycle":"13"
            , "Latency":"1"
          }
        ]
        , "type":"inst"
      }
      , {
        "name":"+"
        , "id":41
        , "subtype":"default"
        , "start":"13.00"
        , "end":"13.00"
        , "details":
        [
          {
            "type":"table"
            , "Instruction":"64-bit Integer Add"
            , "Max Fanout":"1"
            , "Start Cycle":"13"
            , "Latency":"0"
          }
        ]
        , "debug":
        [
          [
            {
              "filename":"/glob/development-tools/versions/oneapi/2024.1/oneapi/compiler/2024.1/bin/compiler/../../include/sycl/accessor.hpp"
              , "line":1287
            }
          ]
        ]
        , "type":"inst"
      }
      , {
        "name":"Ptr. Comp."
        , "id":42
        , "subtype":"default"
        , "start":"13.00"
        , "end":"14.00"
        , "details":
        [
          {
            "type":"table"
            , "Instruction":"Pointer Computation"
            , "Max Fanout":"5"
            , "Start Cycle":"13"
            , "Latency":"1"
          }
        ]
        , "type":"inst"
      }
    ]
    , "links":
    [
      {
        "from":12
        , "to":23
        , "details":
        [
          {
            "type":"table"
            , "Width":"136"
          }
        ]
      }
      , {
        "from":12
        , "to":41
        , "details":
        [
          {
            "type":"table"
            , "Width":"136"
          }
        ]
      }
      , {
        "from":12
        , "to":37
        , "details":
        [
          {
            "type":"table"
            , "Width":"136"
          }
        ]
      }
      , {
        "from":12
        , "to":30
        , "details":
        [
          {
            "type":"table"
            , "Width":"136"
          }
        ]
      }
      , {
        "from":12
        , "to":20
        , "details":
        [
          {
            "type":"table"
            , "Width":"136"
          }
        ]
      }
      , {
        "from":12
        , "to":31
        , "details":
        [
          {
            "type":"table"
            , "Width":"136"
          }
        ]
      }
      , {
        "from":12
        , "to":21
        , "details":
        [
          {
            "type":"table"
            , "Width":"136"
          }
        ]
      }
      , {
        "from":13
        , "to":32
        , "details":
        [
          {
            "type":"table"
            , "Width":"128"
          }
        ]
      }
      , {
        "from":13
        , "to":23
        , "details":
        [
          {
            "type":"table"
            , "Width":"128"
          }
        ]
      }
      , {
        "from":13
        , "to":16
        , "details":
        [
          {
            "type":"table"
            , "Width":"128"
          }
        ]
      }
      , {
        "from":14
        , "to":16
        , "details":
        [
          {
            "type":"table"
            , "Width":"128"
          }
        ]
      }
      , {
        "from":15
        , "to":17
        , "details":
        [
          {
            "type":"table"
            , "Width":"128"
          }
        ]
      }
      , {
        "from":16
        , "to":17
        , "details":
        [
          {
            "type":"table"
            , "Width":"64"
          }
        ]
      }
      , {
        "from":17
        , "to":19
        , "details":
        [
          {
            "type":"table"
            , "Width":"64"
          }
        ]
      }
      , {
        "from":19
        , "to":34
        , "details":
        [
          {
            "type":"table"
            , "Width":"64"
          }
        ]
      }
      , {
        "from":19
        , "to":38
        , "details":
        [
          {
            "type":"table"
            , "Width":"64"
          }
        ]
      }
      , {
        "from":19
        , "to":40
        , "details":
        [
          {
            "type":"table"
            , "Width":"64"
          }
        ]
      }
      , {
        "from":19
        , "to":42
        , "details":
        [
          {
            "type":"table"
            , "Width":"64"
          }
        ]
      }
      , {
        "from":20
        , "to":22
        , "details":
        [
          {
            "type":"table"
            , "Width":"1"
          }
        ]
      }
      , {
        "from":21
        , "to":22
        , "details":
        [
          {
            "type":"table"
            , "Width":"1"
          }
        ]
      }
      , {
        "from":22
        , "to":11
        , "details":
        [
          {
            "type":"table"
            , "Width":"1"
          }
        ]
      }
      , {
        "from":23
        , "to":41
        , "details":
        [
          {
            "type":"table"
            , "Width":"64"
          }
        ]
      }
      , {
        "from":23
        , "to":39
        , "details":
        [
          {
            "type":"table"
            , "Width":"64"
          }
        ]
      }
      , {
        "from":24
        , "to":26
        , "details":
        [
          {
            "type":"table"
            , "Width":"64"
          }
        ]
      }
      , {
        "from":25
        , "to":26
        , "details":
        [
          {
            "type":"table"
            , "Width":"64"
          }
        ]
      }
      , {
        "from":26
        , "to":36
        , "details":
        [
          {
            "type":"table"
            , "Width":"64"
          }
        ]
      }
      , {
        "from":27
        , "to":29
        , "details":
        [
          {
            "type":"table"
            , "Width":"64"
          }
        ]
      }
      , {
        "from":28
        , "to":29
        , "details":
        [
          {
            "type":"table"
            , "Width":"64"
          }
        ]
      }
      , {
        "from":29
        , "to":35
        , "details":
        [
          {
            "type":"table"
            , "Width":"64"
          }
        ]
      }
      , {
        "from":30
        , "to":35
        , "details":
        [
          {
            "type":"table"
            , "Width":"32"
          }
        ]
      }
      , {
        "from":30
        , "to":32
        , "details":
        [
          {
            "type":"table"
            , "Width":"32"
          }
        ]
      }
      , {
        "from":31
        , "to":36
        , "details":
        [
          {
            "type":"table"
            , "Width":"32"
          }
        ]
      }
      , {
        "from":31
        , "to":39
        , "details":
        [
          {
            "type":"table"
            , "Width":"32"
          }
        ]
      }
      , {
        "from":31
        , "to":33
        , "details":
        [
          {
            "type":"table"
            , "Width":"32"
          }
        ]
      }
      , {
        "from":32
        , "to":37
        , "details":
        [
          {
            "type":"table"
            , "Width":"64"
          }
        ]
      }
      , {
        "from":32
        , "to":33
        , "details":
        [
          {
            "type":"table"
            , "Width":"64"
          }
        ]
      }
      , {
        "from":33
        , "to":34
        , "details":
        [
          {
            "type":"table"
            , "Width":"64"
          }
        ]
      }
      , {
        "from":34
        , "to":11
        , "details":
        [
          {
            "type":"table"
            , "Width":"64"
          }
        ]
      }
      , {
        "from":35
        , "to":11
        , "details":
        [
          {
            "type":"table"
            , "Width":"64"
          }
        ]
      }
      , {
        "from":36
        , "to":11
        , "details":
        [
          {
            "type":"table"
            , "Width":"64"
          }
        ]
      }
      , {
        "from":37
        , "to":38
        , "details":
        [
          {
            "type":"table"
            , "Width":"64"
          }
        ]
      }
      , {
        "from":38
        , "to":11
        , "details":
        [
          {
            "type":"table"
            , "Width":"64"
          }
        ]
      }
      , {
        "from":39
        , "to":40
        , "details":
        [
          {
            "type":"table"
            , "Width":"64"
          }
        ]
      }
      , {
        "from":40
        , "to":11
        , "details":
        [
          {
            "type":"table"
            , "Width":"64"
          }
        ]
      }
      , {
        "from":41
        , "to":42
        , "details":
        [
          {
            "type":"table"
            , "Width":"64"
          }
        ]
      }
      , {
        "from":42
        , "to":11
        , "details":
        [
          {
            "type":"table"
            , "Width":"64"
          }
        ]
      }
    ]
  }
  , "9":
  {
    "nodes":
    [
      {
        "name":"Exit"
        , "id":43
        , "subtype":"exit"
        , "start":"78.00"
        , "end":"109.00"
        , "details":
        [
          {
            "type":"table"
            , "Max Fanout":"1"
            , "Start Cycle":"78"
            , "Latency":"3"
            , "Exit FIFO Depth":"512"
            , "Exit FIFO Width":"40"
            , "Details":"Exit FIFO depth is sized to accommodate all data that may be in-flight in the stall-free cluster; this depth will be equal to or greater than the latency of the cluster.  The width of the FIFO depends on the amount of data that needs to pass from the stall-free logic cluster to the stall-able logic below it."
          }
        ]
        , "type":"inst"
      }
      , {
        "name":"Entry"
        , "id":44
        , "subtype":"entry"
        , "details":
        [
          {
            "type":"table"
            , "Instruction":"Cluster Entry"
            , "Max Fanout":"0"
            , "Start Cycle":"76"
            , "Latency":"0"
          }
        ]
        , "type":"inst"
      }
      , {
        "name":"Compare"
        , "id":45
        , "subtype":"default"
        , "start":"76.00"
        , "end":"76.00"
        , "details":
        [
          {
            "type":"table"
            , "Instruction":"8-bit Integer Compare"
            , "Max Fanout":"1"
            , "Start Cycle":"76"
            , "Latency":"0"
          }
        ]
        , "debug":
        [
          [
            {
              "filename":"/home/u217848/smithwaterman/src/lambda_buffer.cpp"
              , "line":41
            }
          ]
        ]
        , "type":"inst"
      }
      , {
        "name":"Select"
        , "id":46
        , "subtype":"select"
        , "start":"76.00"
        , "end":"76.00"
        , "details":
        [
          {
            "type":"table"
            , "Instruction":"32-bit Select"
            , "Max Fanout":"1"
            , "Start Cycle":"76"
            , "Latency":"0"
          }
        ]
        , "debug":
        [
          [
            {
              "filename":"/home/u217848/smithwaterman/src/lambda_buffer.cpp"
              , "line":41
            }
          ]
        ]
        , "type":"inst"
      }
      , {
        "name":"+"
        , "id":47
        , "subtype":"default"
        , "start":"76.00"
        , "end":"76.00"
        , "details":
        [
          {
            "type":"table"
            , "Instruction":"32-bit Integer Add"
            , "Max Fanout":"1"
            , "Start Cycle":"76"
            , "Latency":"0"
          }
        ]
        , "debug":
        [
          [
            {
              "filename":"/home/u217848/smithwaterman/src/lambda_buffer.cpp"
              , "line":41
            }
          ]
        ]
        , "type":"inst"
      }
      , {
        "name":"+"
        , "id":48
        , "subtype":"default"
        , "start":"76.00"
        , "end":"76.00"
        , "details":
        [
          {
            "type":"table"
            , "Instruction":"32-bit Integer Add"
            , "Constant Operand":"-2 (0xFFFFFFFE)"
            , "Max Fanout":"1"
            , "Start Cycle":"76"
            , "Latency":"0"
          }
        ]
        , "debug":
        [
          [
            {
              "filename":"/home/u217848/smithwaterman/src/lambda_buffer.cpp"
              , "line":42
            }
          ]
        ]
        , "type":"inst"
      }
      , {
        "name":"+"
        , "id":49
        , "subtype":"default"
        , "start":"76.00"
        , "end":"76.00"
        , "details":
        [
          {
            "type":"table"
            , "Instruction":"32-bit Integer Add"
            , "Constant Operand":"-2 (0xFFFFFFFE)"
            , "Max Fanout":"1"
            , "Start Cycle":"76"
            , "Latency":"0"
          }
        ]
        , "debug":
        [
          [
            {
              "filename":"/home/u217848/smithwaterman/src/lambda_buffer.cpp"
              , "line":43
            }
          ]
        ]
        , "type":"inst"
      }
      , {
        "name":"llvm.smax"
        , "id":50
        , "subtype":"default"
        , "start":"77.00"
        , "end":"78.00"
        , "details":
        [
          {
            "type":"table"
            , "Instruction":"llvm.smax"
            , "Max Fanout":"2"
            , "Start Cycle":"77"
            , "Latency":"1"
          }
        ]
        , "debug":
        [
          [
            {
              "filename":"/glob/development-tools/versions/oneapi/2024.1/oneapi/compiler/2024.1/bin/compiler/../../include/sycl/detail/builtins.hpp"
              , "line":222
            }
          ]
        ]
        , "type":"inst"
      }
      , {
        "name":"llvm.smax"
        , "id":51
        , "subtype":"default"
        , "start":"76.00"
        , "end":"78.00"
        , "details":
        [
          {
            "type":"table"
            , "Instruction":"llvm.smax"
            , "Max Fanout":"2"
            , "Start Cycle":"76"
            , "Latency":"2"
          }
        ]
        , "debug":
        [
          [
            {
              "filename":"/glob/development-tools/versions/oneapi/2024.1/oneapi/compiler/2024.1/bin/compiler/../../include/sycl/detail/builtins.hpp"
              , "line":222
            }
          ]
        ]
        , "type":"inst"
      }
      , {
        "name":"llvm.smax"
        , "id":52
        , "subtype":"default"
        , "start":"78.00"
        , "end":"78.00"
        , "details":
        [
          {
            "type":"table"
            , "Instruction":"llvm.smax"
            , "Max Fanout":"1"
            , "Start Cycle":"78"
            , "Latency":"0"
          }
        ]
        , "debug":
        [
          [
            {
              "filename":"/glob/development-tools/versions/oneapi/2024.1/oneapi/compiler/2024.1/bin/compiler/../../include/sycl/detail/builtins.hpp"
              , "line":222
            }
          ]
        ]
        , "type":"inst"
      }
      , {
        "name":"Select"
        , "id":53
        , "subtype":"select"
        , "start":"78.00"
        , "end":"78.00"
        , "details":
        [
          {
            "type":"table"
            , "Instruction":"32-bit Select"
            , "Max Fanout":"1"
            , "Start Cycle":"78"
            , "Latency":"0"
          }
        ]
        , "debug":
        [
          [
            {
              "filename":"/glob/development-tools/versions/oneapi/2024.1/oneapi/compiler/2024.1/bin/compiler/../../include/sycl/detail/builtins.hpp"
              , "line":222
            }
          ]
        ]
        , "type":"inst"
      }
    ]
    , "links":
    [
      {
        "from":44
        , "to":45
        , "details":
        [
          {
            "type":"table"
            , "Width":"128"
          }
        ]
      }
      , {
        "from":44
        , "to":47
        , "details":
        [
          {
            "type":"table"
            , "Width":"128"
          }
        ]
      }
      , {
        "from":44
        , "to":48
        , "details":
        [
          {
            "type":"table"
            , "Width":"128"
          }
        ]
      }
      , {
        "from":44
        , "to":49
        , "details":
        [
          {
            "type":"table"
            , "Width":"128"
          }
        ]
      }
      , {
        "from":44
        , "to":53
        , "details":
        [
          {
            "type":"table"
            , "Width":"128"
          }
        ]
      }
      , {
        "from":45
        , "to":46
        , "details":
        [
          {
            "type":"table"
            , "Width":"1"
          }
        ]
      }
      , {
        "from":46
        , "to":47
        , "details":
        [
          {
            "type":"table"
            , "Width":"32"
          }
        ]
      }
      , {
        "from":47
        , "to":50
        , "details":
        [
          {
            "type":"table"
            , "Width":"32"
          }
        ]
      }
      , {
        "from":48
        , "to":50
        , "details":
        [
          {
            "type":"table"
            , "Width":"32"
          }
        ]
      }
      , {
        "from":49
        , "to":51
        , "details":
        [
          {
            "type":"table"
            , "Width":"32"
          }
        ]
      }
      , {
        "from":50
        , "to":52
        , "details":
        [
          {
            "type":"table"
            , "Width":"32"
          }
        ]
      }
      , {
        "from":51
        , "to":52
        , "details":
        [
          {
            "type":"table"
            , "Width":"32"
          }
        ]
      }
      , {
        "from":52
        , "to":53
        , "details":
        [
          {
            "type":"table"
            , "Width":"32"
          }
        ]
      }
      , {
        "from":53
        , "to":43
        , "details":
        [
          {
            "type":"table"
            , "Width":"32"
          }
        ]
      }
    ]
  }
}
