{
  "1":
  {
    "nodes":
    [
      {
        "name":"SmithWatermanKernel.B0"
        , "id":2
        , "start":"0"
        , "end":"140"
        , "details":
        [
          {
            "type":"table"
          }
        ]
        , "type":"bb"
        , "children":
        [
          {
            "name":"Cluster 0"
            , "id":3
            , "start":"0"
            , "end":"45"
            , "details":
            [
              {
                "type":"table"
                , "Cluster Name":"i_sfc_s_c0_in_entry_smithwatermankernels_c0_enter_smithwatermankernel_51_2gr"
                , "Cluster Type":"Stall-Free"
                , "Cluster Start Cycle":"0"
                , "Cluster Latency":"45"
              }
            ]
            , "type":"cluster"
            , "children":
            [
              {
                "name":"Compare"
                , "id":21
                , "start":"12"
                , "end":"12"
                , "details":
                [
                  {
                    "type":"table"
                    , "Instruction":"32-bit Integer Compare"
                    , "Max Fanout":"1"
                    , "Start Cycle":"12"
                    , "Latency":"0"
                  }
                ]
                , "type":"inst"
              }
              , {
                "name":"+"
                , "id":31
                , "start":"12"
                , "end":"12"
                , "details":
                [
                  {
                    "type":"table"
                    , "Instruction":"32-bit Integer Add"
                    , "Constant Operand":"-1 (0xFFFFFFFF)"
                    , "Max Fanout":"1"
                    , "Start Cycle":"12"
                    , "Latency":"0"
                  }
                ]
                , "debug":
                [
                  [
                    {
                      "filename":"/home/u217848/smithwaterman/src/lambda_buffer.cpp"
                      , "line":41
                    }
                  ]
                ]
                , "type":"inst"
              }
              , {
                "name":"Compare"
                , "id":20
                , "start":"5"
                , "end":"6"
                , "details":
                [
                  {
                    "type":"table"
                    , "Instruction":"32-bit Integer Compare"
                    , "Max Fanout":"1"
                    , "Start Cycle":"5"
                    , "Latency":"1"
                  }
                ]
                , "debug":
                [
                  [
                    {
                      "filename":"/home/u217848/smithwaterman/src/lambda_buffer.cpp"
                      , "line":38
                    }
                  ]
                ]
                , "type":"inst"
              }
              , {
                "name":"Select"
                , "id":22
                , "start":"12"
                , "end":"13"
                , "details":
                [
                  {
                    "type":"table"
                    , "Instruction":"1-bit Select"
                    , "Max Fanout":"1"
                    , "Start Cycle":"12"
                    , "Latency":"1"
                  }
                ]
                , "debug":
                [
                  [
                    {
                      "filename":"/home/u217848/smithwaterman/src/lambda_buffer.cpp"
                      , "line":38
                    }
                  ]
                ]
                , "type":"inst"
              }
              , {
                "name":"+"
                , "id":30
                , "start":"5"
                , "end":"5"
                , "details":
                [
                  {
                    "type":"table"
                    , "Instruction":"32-bit Integer Add"
                    , "Constant Operand":"-1 (0xFFFFFFFF)"
                    , "Max Fanout":"1"
                    , "Start Cycle":"5"
                    , "Latency":"0"
                  }
                ]
                , "debug":
                [
                  [
                    {
                      "filename":"/home/u217848/smithwaterman/src/lambda_buffer.cpp"
                      , "line":41
                    }
                  ]
                ]
                , "type":"inst"
              }
              , {
                "name":"arg_score_acc2"
                , "id":13
                , "start":"0"
                , "end":"1"
                , "details":
                [
                  {
                    "type":"table"
                    , "Instruction":"Input Synchronization for 'arg_score_acc2'"
                    , "Max Fanout":"1"
                    , "Start Cycle":"0"
                    , "Latency":"1"
                  }
                ]
                , "type":"inst"
              }
              , {
                "name":"*"
                , "id":23
                , "start":"1"
                , "end":"12"
                , "details":
                [
                  {
                    "type":"table"
                    , "Instruction":"64-bit Integer Multiply"
                    , "Max Fanout":"6"
                    , "Start Cycle":"1"
                    , "Latency":"11"
                    , "Implementation Preference":"Default DSP usage"
                  }
                ]
                , "debug":
                [
                  [
                    {
                      "filename":"/glob/development-tools/versions/oneapi/2024.1/oneapi/compiler/2024.1/bin/compiler/../../include/sycl/accessor.hpp"
                      , "line":1287
                    }
                  ]
                ]
                , "type":"inst"
              }
              , {
                "name":"+"
                , "id":39
                , "start":"13"
                , "end":"13"
                , "details":
                [
                  {
                    "type":"table"
                    , "Instruction":"64-bit Integer Add"
                    , "Max Fanout":"1"
                    , "Start Cycle":"13"
                    , "Latency":"0"
                  }
                ]
                , "debug":
                [
                  [
                    {
                      "filename":"/glob/development-tools/versions/oneapi/2024.1/oneapi/compiler/2024.1/bin/compiler/../../include/sycl/accessor.hpp"
                      , "line":1287
                    }
                  ]
                ]
                , "type":"inst"
              }
              , {
                "name":"+"
                , "id":41
                , "start":"13"
                , "end":"13"
                , "details":
                [
                  {
                    "type":"table"
                    , "Instruction":"64-bit Integer Add"
                    , "Max Fanout":"1"
                    , "Start Cycle":"13"
                    , "Latency":"0"
                  }
                ]
                , "debug":
                [
                  [
                    {
                      "filename":"/glob/development-tools/versions/oneapi/2024.1/oneapi/compiler/2024.1/bin/compiler/../../include/sycl/accessor.hpp"
                      , "line":1287
                    }
                  ]
                ]
                , "type":"inst"
              }
              , {
                "name":"*"
                , "id":32
                , "start":"1"
                , "end":"12"
                , "details":
                [
                  {
                    "type":"table"
                    , "Instruction":"64-bit Integer Multiply"
                    , "Max Fanout":"6"
                    , "Start Cycle":"1"
                    , "Latency":"11"
                    , "Implementation Preference":"Default DSP usage"
                  }
                ]
                , "debug":
                [
                  [
                    {
                      "filename":"/glob/development-tools/versions/oneapi/2024.1/oneapi/compiler/2024.1/bin/compiler/../../include/sycl/accessor.hpp"
                      , "line":1287
                    }
                  ]
                ]
                , "type":"inst"
              }
              , {
                "name":"+"
                , "id":33
                , "start":"13"
                , "end":"13"
                , "details":
                [
                  {
                    "type":"table"
                    , "Instruction":"64-bit Integer Add"
                    , "Max Fanout":"1"
                    , "Start Cycle":"13"
                    , "Latency":"0"
                  }
                ]
                , "debug":
                [
                  [
                    {
                      "filename":"/glob/development-tools/versions/oneapi/2024.1/oneapi/compiler/2024.1/bin/compiler/../../include/sycl/accessor.hpp"
                      , "line":1287
                    }
                  ]
                ]
                , "type":"inst"
              }
              , {
                "name":"+"
                , "id":37
                , "start":"13"
                , "end":"13"
                , "details":
                [
                  {
                    "type":"table"
                    , "Instruction":"64-bit Integer Add"
                    , "Max Fanout":"1"
                    , "Start Cycle":"13"
                    , "Latency":"0"
                  }
                ]
                , "debug":
                [
                  [
                    {
                      "filename":"/glob/development-tools/versions/oneapi/2024.1/oneapi/compiler/2024.1/bin/compiler/../../include/sycl/accessor.hpp"
                      , "line":1287
                    }
                  ]
                ]
                , "type":"inst"
              }
              , {
                "name":"arg_score_acc4"
                , "id":14
                , "start":"0"
                , "end":"1"
                , "details":
                [
                  {
                    "type":"table"
                    , "Instruction":"Input Synchronization for 'arg_score_acc4'"
                    , "Max Fanout":"1"
                    , "Start Cycle":"0"
                    , "Latency":"1"
                  }
                ]
                , "type":"inst"
              }
              , {
                "name":"*"
                , "id":16
                , "start":"1"
                , "end":"11"
                , "details":
                [
                  {
                    "type":"table"
                    , "Instruction":"64-bit Integer Multiply"
                    , "Max Fanout":"6"
                    , "Start Cycle":"1"
                    , "Latency":"10"
                    , "Implementation Preference":"Default DSP usage"
                  }
                ]
                , "debug":
                [
                  [
                    {
                      "filename":"/glob/development-tools/versions/oneapi/2024.1/oneapi/compiler/2024.1/bin/compiler/../../include/sycl/accessor.hpp"
                      , "line":2527
                    }
                  ]
                ]
                , "type":"inst"
              }
              , {
                "name":"arg_score_acc4"
                , "id":15
                , "start":"0"
                , "end":"12"
                , "details":
                [
                  {
                    "type":"table"
                    , "Instruction":"Input Synchronization for 'arg_score_acc4'"
                    , "Max Fanout":"1"
                    , "Start Cycle":"0"
                    , "Latency":"12"
                  }
                ]
                , "type":"inst"
              }
              , {
                "name":"+"
                , "id":17
                , "start":"12"
                , "end":"12"
                , "details":
                [
                  {
                    "type":"table"
                    , "Instruction":"64-bit Integer Add"
                    , "Max Fanout":"1"
                    , "Start Cycle":"12"
                    , "Latency":"0"
                  }
                ]
                , "debug":
                [
                  [
                    {
                      "filename":"/glob/development-tools/versions/oneapi/2024.1/oneapi/compiler/2024.1/bin/compiler/../../include/sycl/accessor.hpp"
                      , "line":2530
                    }
                  ]
                ]
                , "type":"inst"
              }
              , {
                "name":"Ptr. Comp."
                , "id":19
                , "start":"12"
                , "end":"13"
                , "details":
                [
                  {
                    "type":"table"
                    , "Instruction":"Pointer Computation"
                    , "Max Fanout":"5"
                    , "Start Cycle":"12"
                    , "Latency":"1"
                  }
                ]
                , "type":"inst"
              }
              , {
                "name":"Ptr. Comp."
                , "id":42
                , "start":"13"
                , "end":"14"
                , "details":
                [
                  {
                    "type":"table"
                    , "Instruction":"Pointer Computation"
                    , "Max Fanout":"5"
                    , "Start Cycle":"13"
                    , "Latency":"1"
                  }
                ]
                , "type":"inst"
              }
              , {
                "name":"Ptr. Comp."
                , "id":40
                , "start":"13"
                , "end":"14"
                , "details":
                [
                  {
                    "type":"table"
                    , "Instruction":"Pointer Computation"
                    , "Max Fanout":"5"
                    , "Start Cycle":"13"
                    , "Latency":"1"
                  }
                ]
                , "type":"inst"
              }
              , {
                "name":"Ptr. Comp."
                , "id":38
                , "start":"13"
                , "end":"14"
                , "details":
                [
                  {
                    "type":"table"
                    , "Instruction":"Pointer Computation"
                    , "Max Fanout":"5"
                    , "Start Cycle":"13"
                    , "Latency":"1"
                  }
                ]
                , "type":"inst"
              }
              , {
                "name":"Ptr. Comp."
                , "id":34
                , "start":"13"
                , "end":"14"
                , "details":
                [
                  {
                    "type":"table"
                    , "Instruction":"Pointer Computation"
                    , "Max Fanout":"5"
                    , "Start Cycle":"13"
                    , "Latency":"1"
                  }
                ]
                , "type":"inst"
              }
              , {
                "name":"arg_score_acc"
                , "id":18
                , "start":"0"
                , "end":"13"
                , "details":
                [
                  {
                    "type":"table"
                    , "Instruction":"Input Synchronization for 'arg_score_acc'"
                    , "Max Fanout":"1"
                    , "Start Cycle":"0"
                    , "Latency":"13"
                  }
                ]
                , "type":"inst"
              }
              , {
                "name":"arg_seq_b_acc14"
                , "id":24
                , "start":"0"
                , "end":"12"
                , "details":
                [
                  {
                    "type":"table"
                    , "Instruction":"Input Synchronization for 'arg_seq_b_acc14'"
                    , "Max Fanout":"1"
                    , "Start Cycle":"0"
                    , "Latency":"12"
                  }
                ]
                , "type":"inst"
              }
              , {
                "name":"arg_seq_b_acc"
                , "id":25
                , "start":"0"
                , "end":"12"
                , "details":
                [
                  {
                    "type":"table"
                    , "Instruction":"Input Synchronization for 'arg_seq_b_acc'"
                    , "Max Fanout":"1"
                    , "Start Cycle":"0"
                    , "Latency":"12"
                  }
                ]
                , "type":"inst"
              }
              , {
                "name":"Ptr. Comp."
                , "id":26
                , "start":"12"
                , "end":"12"
                , "details":
                [
                  {
                    "type":"table"
                    , "Instruction":"Pointer Computation"
                    , "Max Fanout":"1"
                    , "Start Cycle":"12"
                    , "Latency":"0"
                  }
                ]
                , "debug":
                [
                  [
                    {
                      "filename":"/glob/development-tools/versions/oneapi/2024.1/oneapi/compiler/2024.1/bin/compiler/../../include/sycl/accessor.hpp"
                      , "line":1362
                    }
                  ]
                ]
                , "type":"inst"
              }
              , {
                "name":"Ptr. Comp."
                , "id":36
                , "start":"13"
                , "end":"13"
                , "details":
                [
                  {
                    "type":"table"
                    , "Instruction":"Pointer Computation"
                    , "Max Fanout":"1"
                    , "Start Cycle":"13"
                    , "Latency":"0"
                  }
                ]
                , "debug":
                [
                  [
                    {
                      "filename":"/glob/development-tools/versions/oneapi/2024.1/oneapi/compiler/2024.1/bin/compiler/../../include/sycl/accessor.hpp"
                      , "line":2355
                    }
                  ]
                ]
                , "type":"inst"
              }
              , {
                "name":"arg_seq_a_acc9"
                , "id":27
                , "start":"0"
                , "end":"5"
                , "details":
                [
                  {
                    "type":"table"
                    , "Instruction":"Input Synchronization for 'arg_seq_a_acc9'"
                    , "Max Fanout":"1"
                    , "Start Cycle":"0"
                    , "Latency":"5"
                  }
                ]
                , "type":"inst"
              }
              , {
                "name":"arg_seq_a_acc"
                , "id":28
                , "start":"0"
                , "end":"5"
                , "details":
                [
                  {
                    "type":"table"
                    , "Instruction":"Input Synchronization for 'arg_seq_a_acc'"
                    , "Max Fanout":"1"
                    , "Start Cycle":"0"
                    , "Latency":"5"
                  }
                ]
                , "type":"inst"
              }
              , {
                "name":"Ptr. Comp."
                , "id":29
                , "start":"5"
                , "end":"5"
                , "details":
                [
                  {
                    "type":"table"
                    , "Instruction":"Pointer Computation"
                    , "Max Fanout":"1"
                    , "Start Cycle":"5"
                    , "Latency":"0"
                  }
                ]
                , "debug":
                [
                  [
                    {
                      "filename":"/glob/development-tools/versions/oneapi/2024.1/oneapi/compiler/2024.1/bin/compiler/../../include/sycl/accessor.hpp"
                      , "line":1362
                    }
                  ]
                ]
                , "type":"inst"
              }
              , {
                "name":"Ptr. Comp."
                , "id":35
                , "start":"6"
                , "end":"6"
                , "details":
                [
                  {
                    "type":"table"
                    , "Instruction":"Pointer Computation"
                    , "Max Fanout":"2"
                    , "Start Cycle":"6"
                    , "Latency":"0"
                  }
                ]
                , "debug":
                [
                  [
                    {
                      "filename":"/glob/development-tools/versions/oneapi/2024.1/oneapi/compiler/2024.1/bin/compiler/../../include/sycl/accessor.hpp"
                      , "line":2355
                    }
                  ]
                ]
                , "type":"inst"
              }
              , {
                "name":"Exit"
                , "id":11
                , "start":"14"
                , "end":"45"
                , "details":
                [
                  {
                    "type":"table"
                    , "Max Fanout":"1"
                    , "Start Cycle":"14"
                    , "Latency":"3"
                    , "Exit FIFO Depth":"512"
                    , "Exit FIFO Width":"400"
                    , "Details":"Exit FIFO depth is sized to accommodate all data that may be in-flight in the stall-free cluster; this depth will be equal to or greater than the latency of the cluster.  The width of the FIFO depends on the amount of data that needs to pass from the stall-free logic cluster to the stall-able logic below it."
                  }
                ]
                , "type":"inst"
              }
            ]
          }
          , {
            "name":"LD"
            , "id":8
            , "start":"45"
            , "end":"76"
            , "details":
            [
              {
                "type":"table"
                , "Instruction":"Load"
                , "Width":"32 bits"
                , "LSU Style":"Pipelined"
                , "Stall-free":"No"
                , "Global Memory":"Yes"
                , "Max Fanout":"1"
                , "Start Cycle":"45"
                , "Latency":"31"
              }
            ]
            , "debug":
            [
              [
                {
                  "filename":"/home/u217848/smithwaterman/src/lambda_buffer.cpp"
                  , "line":43
                }
              ]
            ]
            , "type":"inst"
          }
          , {
            "name":"LD"
            , "id":7
            , "start":"45"
            , "end":"76"
            , "details":
            [
              {
                "type":"table"
                , "Instruction":"Load"
                , "Width":"32 bits"
                , "LSU Style":"Pipelined"
                , "Stall-free":"No"
                , "Global Memory":"Yes"
                , "Max Fanout":"1"
                , "Start Cycle":"45"
                , "Latency":"31"
              }
            ]
            , "debug":
            [
              [
                {
                  "filename":"/home/u217848/smithwaterman/src/lambda_buffer.cpp"
                  , "line":42
                }
              ]
            ]
            , "type":"inst"
          }
          , {
            "name":"LD"
            , "id":6
            , "start":"45"
            , "end":"76"
            , "details":
            [
              {
                "type":"table"
                , "Instruction":"Load"
                , "Width":"8 bits"
                , "LSU Style":"Pipelined"
                , "Stall-free":"No"
                , "Global Memory":"Yes"
                , "Max Fanout":"1"
                , "Start Cycle":"45"
                , "Latency":"31"
              }
            ]
            , "debug":
            [
              [
                {
                  "filename":"/home/u217848/smithwaterman/src/lambda_buffer.cpp"
                  , "line":41
                }
              ]
            ]
            , "type":"inst"
          }
          , {
            "name":"LD"
            , "id":5
            , "start":"45"
            , "end":"76"
            , "details":
            [
              {
                "type":"table"
                , "Instruction":"Load"
                , "Width":"8 bits"
                , "LSU Style":"Pipelined"
                , "Stall-free":"No"
                , "Global Memory":"Yes"
                , "Max Fanout":"1"
                , "Start Cycle":"45"
                , "Latency":"31"
              }
            ]
            , "debug":
            [
              [
                {
                  "filename":"/home/u217848/smithwaterman/src/lambda_buffer.cpp"
                  , "line":41
                }
              ]
            ]
            , "type":"inst"
          }
          , {
            "name":"LD"
            , "id":4
            , "start":"45"
            , "end":"76"
            , "details":
            [
              {
                "type":"table"
                , "Instruction":"Load"
                , "Width":"32 bits"
                , "LSU Style":"Pipelined"
                , "Stall-free":"No"
                , "Global Memory":"Yes"
                , "Max Fanout":"1"
                , "Start Cycle":"45"
                , "Latency":"31"
              }
            ]
            , "debug":
            [
              [
                {
                  "filename":"/home/u217848/smithwaterman/src/lambda_buffer.cpp"
                  , "line":41
                }
              ]
            ]
            , "type":"inst"
          }
          , {
            "name":"Cluster 1"
            , "id":9
            , "start":"76"
            , "end":"109"
            , "details":
            [
              {
                "type":"table"
                , "Cluster Name":"i_sfc_s_c1_in_entry_smithwatermankernels_c1_enter_smithwatermankernel_51_10"
                , "Cluster Type":"Stall-Free"
                , "Cluster Start Cycle":"76"
                , "Cluster Latency":"33"
              }
            ]
            , "type":"cluster"
            , "children":
            [
              {
                "name":"+"
                , "id":49
                , "start":"76"
                , "end":"76"
                , "details":
                [
                  {
                    "type":"table"
                    , "Instruction":"32-bit Integer Add"
                    , "Constant Operand":"-2 (0xFFFFFFFE)"
                    , "Max Fanout":"1"
                    , "Start Cycle":"76"
                    , "Latency":"0"
                  }
                ]
                , "debug":
                [
                  [
                    {
                      "filename":"/home/u217848/smithwaterman/src/lambda_buffer.cpp"
                      , "line":43
                    }
                  ]
                ]
                , "type":"inst"
              }
              , {
                "name":"llvm.smax"
                , "id":51
                , "start":"76"
                , "end":"78"
                , "details":
                [
                  {
                    "type":"table"
                    , "Instruction":"llvm.smax"
                    , "Max Fanout":"2"
                    , "Start Cycle":"76"
                    , "Latency":"2"
                  }
                ]
                , "debug":
                [
                  [
                    {
                      "filename":"/glob/development-tools/versions/oneapi/2024.1/oneapi/compiler/2024.1/bin/compiler/../../include/sycl/detail/builtins.hpp"
                      , "line":222
                    }
                  ]
                ]
                , "type":"inst"
              }
              , {
                "name":"+"
                , "id":48
                , "start":"76"
                , "end":"76"
                , "details":
                [
                  {
                    "type":"table"
                    , "Instruction":"32-bit Integer Add"
                    , "Constant Operand":"-2 (0xFFFFFFFE)"
                    , "Max Fanout":"1"
                    , "Start Cycle":"76"
                    , "Latency":"0"
                  }
                ]
                , "debug":
                [
                  [
                    {
                      "filename":"/home/u217848/smithwaterman/src/lambda_buffer.cpp"
                      , "line":42
                    }
                  ]
                ]
                , "type":"inst"
              }
              , {
                "name":"Compare"
                , "id":45
                , "start":"76"
                , "end":"76"
                , "details":
                [
                  {
                    "type":"table"
                    , "Instruction":"8-bit Integer Compare"
                    , "Max Fanout":"1"
                    , "Start Cycle":"76"
                    , "Latency":"0"
                  }
                ]
                , "debug":
                [
                  [
                    {
                      "filename":"/home/u217848/smithwaterman/src/lambda_buffer.cpp"
                      , "line":41
                    }
                  ]
                ]
                , "type":"inst"
              }
              , {
                "name":"Select"
                , "id":46
                , "start":"76"
                , "end":"76"
                , "details":
                [
                  {
                    "type":"table"
                    , "Instruction":"32-bit Select"
                    , "Max Fanout":"1"
                    , "Start Cycle":"76"
                    , "Latency":"0"
                  }
                ]
                , "debug":
                [
                  [
                    {
                      "filename":"/home/u217848/smithwaterman/src/lambda_buffer.cpp"
                      , "line":41
                    }
                  ]
                ]
                , "type":"inst"
              }
              , {
                "name":"+"
                , "id":47
                , "start":"76"
                , "end":"76"
                , "details":
                [
                  {
                    "type":"table"
                    , "Instruction":"32-bit Integer Add"
                    , "Max Fanout":"1"
                    , "Start Cycle":"76"
                    , "Latency":"0"
                  }
                ]
                , "debug":
                [
                  [
                    {
                      "filename":"/home/u217848/smithwaterman/src/lambda_buffer.cpp"
                      , "line":41
                    }
                  ]
                ]
                , "type":"inst"
              }
              , {
                "name":"llvm.smax"
                , "id":50
                , "start":"77"
                , "end":"78"
                , "details":
                [
                  {
                    "type":"table"
                    , "Instruction":"llvm.smax"
                    , "Max Fanout":"2"
                    , "Start Cycle":"77"
                    , "Latency":"1"
                  }
                ]
                , "debug":
                [
                  [
                    {
                      "filename":"/glob/development-tools/versions/oneapi/2024.1/oneapi/compiler/2024.1/bin/compiler/../../include/sycl/detail/builtins.hpp"
                      , "line":222
                    }
                  ]
                ]
                , "type":"inst"
              }
              , {
                "name":"llvm.smax"
                , "id":52
                , "start":"78"
                , "end":"78"
                , "details":
                [
                  {
                    "type":"table"
                    , "Instruction":"llvm.smax"
                    , "Max Fanout":"1"
                    , "Start Cycle":"78"
                    , "Latency":"0"
                  }
                ]
                , "debug":
                [
                  [
                    {
                      "filename":"/glob/development-tools/versions/oneapi/2024.1/oneapi/compiler/2024.1/bin/compiler/../../include/sycl/detail/builtins.hpp"
                      , "line":222
                    }
                  ]
                ]
                , "type":"inst"
              }
              , {
                "name":"Select"
                , "id":53
                , "start":"78"
                , "end":"78"
                , "details":
                [
                  {
                    "type":"table"
                    , "Instruction":"32-bit Select"
                    , "Max Fanout":"1"
                    , "Start Cycle":"78"
                    , "Latency":"0"
                  }
                ]
                , "debug":
                [
                  [
                    {
                      "filename":"/glob/development-tools/versions/oneapi/2024.1/oneapi/compiler/2024.1/bin/compiler/../../include/sycl/detail/builtins.hpp"
                      , "line":222
                    }
                  ]
                ]
                , "type":"inst"
              }
              , {
                "name":"Exit"
                , "id":43
                , "start":"78"
                , "end":"109"
                , "details":
                [
                  {
                    "type":"table"
                    , "Max Fanout":"1"
                    , "Start Cycle":"78"
                    , "Latency":"3"
                    , "Exit FIFO Depth":"512"
                    , "Exit FIFO Width":"40"
                    , "Details":"Exit FIFO depth is sized to accommodate all data that may be in-flight in the stall-free cluster; this depth will be equal to or greater than the latency of the cluster.  The width of the FIFO depends on the amount of data that needs to pass from the stall-free logic cluster to the stall-able logic below it."
                  }
                ]
                , "type":"inst"
              }
            ]
          }
          , {
            "name":"ST"
            , "id":10
            , "start":"109"
            , "end":"140"
            , "details":
            [
              {
                "type":"table"
                , "Instruction":"Store"
                , "Width":"32 bits"
                , "LSU Style":"Pipelined"
                , "Stall-free":"No"
                , "Global Memory":"Yes"
                , "Max Fanout":"1"
                , "Start Cycle":"109"
                , "Latency":"31"
              }
            ]
            , "debug":
            [
              [
                {
                  "filename":"/home/u217848/smithwaterman/src/lambda_buffer.cpp"
                  , "line":39
                }
              ]
            ]
            , "type":"inst"
          }
        ]
      }
    ]
    , "links":
    [
      {
        "from":3
        , "to":4
      }
      , {
        "from":3
        , "to":5
      }
      , {
        "from":3
        , "to":6
      }
      , {
        "from":3
        , "to":7
      }
      , {
        "from":3
        , "to":8
      }
      , {
        "from":3
        , "to":10
      }
      , {
        "from":3
        , "to":9
      }
      , {
        "from":21
        , "to":22
      }
      , {
        "from":31
        , "to":36
      }
      , {
        "from":31
        , "to":39
      }
      , {
        "from":31
        , "to":33
      }
      , {
        "from":20
        , "to":22
      }
      , {
        "from":22
        , "to":11
      }
      , {
        "from":30
        , "to":35
      }
      , {
        "from":30
        , "to":32
      }
      , {
        "from":13
        , "to":32
      }
      , {
        "from":13
        , "to":23
      }
      , {
        "from":13
        , "to":16
      }
      , {
        "from":23
        , "to":41
      }
      , {
        "from":23
        , "to":39
      }
      , {
        "from":39
        , "to":40
      }
      , {
        "from":41
        , "to":42
      }
      , {
        "from":32
        , "to":37
      }
      , {
        "from":32
        , "to":33
      }
      , {
        "from":33
        , "to":34
      }
      , {
        "from":37
        , "to":38
      }
      , {
        "from":14
        , "to":16
      }
      , {
        "from":16
        , "to":17
      }
      , {
        "from":15
        , "to":17
      }
      , {
        "from":17
        , "to":19
      }
      , {
        "from":19
        , "to":34
      }
      , {
        "from":19
        , "to":38
      }
      , {
        "from":19
        , "to":40
      }
      , {
        "from":19
        , "to":42
      }
      , {
        "from":42
        , "to":11
      }
      , {
        "from":40
        , "to":11
      }
      , {
        "from":38
        , "to":11
      }
      , {
        "from":34
        , "to":11
      }
      , {
        "from":24
        , "to":26
      }
      , {
        "from":25
        , "to":26
      }
      , {
        "from":26
        , "to":36
      }
      , {
        "from":36
        , "to":11
      }
      , {
        "from":27
        , "to":29
      }
      , {
        "from":28
        , "to":29
      }
      , {
        "from":29
        , "to":35
      }
      , {
        "from":35
        , "to":11
      }
      , {
        "from":8
        , "to":9
      }
      , {
        "from":7
        , "to":9
      }
      , {
        "from":6
        , "to":9
      }
      , {
        "from":5
        , "to":9
      }
      , {
        "from":4
        , "to":9
      }
      , {
        "from":9
        , "to":10
      }
      , {
        "from":49
        , "to":51
      }
      , {
        "from":51
        , "to":52
      }
      , {
        "from":48
        , "to":50
      }
      , {
        "from":45
        , "to":46
      }
      , {
        "from":46
        , "to":47
      }
      , {
        "from":47
        , "to":50
      }
      , {
        "from":50
        , "to":52
      }
      , {
        "from":52
        , "to":53
      }
      , {
        "from":53
        , "to":43
      }
    ]
  }
}
