{
  "performanceSummary":
  {
    "name":"Kernel Summary"
    , "columns":
    ["Kernel Name", "Kernel Type", "Autorun", "Workgroup Size", "# Compute Units", "Hyper-Optimized Handshaking"]
    , "children":
    [
      {
        "name":"SmithWatermanKernel"
        , "compiler_name":"_ZTS19SmithWatermanKernel"
        , "data":
        [
          "NDRange"
          , "No"
          , "n/a"
          , 1
          , "On"
        ]
        , "details":
        [
          {
            "type":"text"
            , "text":"Kernel type: NDRange"
          }
          , {
            "type":"text"
            , "text":"The kernel does not use any work-group information (such as get_local_id() or get_group_id()).Local work-group size will be automatically modified to match global work-group size on launch.This is a hardware optimization."
          }
        ]
        , "debug":
        [
          [
            {
              "filename":"/home/u217848/smithwaterman/src/lambda_buffer.cpp"
              , "line":34
            }
          ]
        ]
      }
    ]
  }
  , "estimatedResources":
  {
    "name":"Estimated Resource Usage"
    , "dsp_packing_factor":2
    , "columns":
    ["Kernel Name", "ALUTs ", "FFs  ", "RAMs ", "DSPs ", "MLABs", "Frac. DSPs"]
    , "children":
    [
      {
        "name":"SmithWatermanKernel"
        , "data":
        [4997, 6017, 14, 11, 41, 5]
        , "debug":
        [
          [
            {
              "filename":"/home/u217848/smithwaterman/src/lambda_buffer.cpp"
              , "line":34
            }
          ]
        ]
      }
      , {
        "name":"Global Interconnect"
        , "classes":
        ["summary-highlight", "nohover"]
        , "data":
        ["693", "1328", "0", "0", "0", "0"]
      }
      , {
        "name":"Total"
        , "classes":
        ["summary-highlight", "nohover"]
        , "data":
        [5690, 7345, 14, 11, 41, 5]
        , "data_percent":
        [0.583949089, 0.247146621, 0.196905762, 0.243902445]
      }
      , {
        "name":"Available"
        , "classes":
        ["summary-highlight", "nohover"]
        , "data":
        ["974400", "2971920", "7110", "4510", "24360", "0"]
      }
    ]
  }
  , "compileWarnings":
  {
    "name":"Compile Warnings"
    , "children":
    [
    ]
  }
}
