{
  "nodes":
  [
    {
      "name":"SmithWatermanKernel"
      , "id":1
      , "type":"kernel"
      , "children":
      [
        {
          "name":"SmithWatermanKernel.B0"
          , "id":2
          , "type":"bb"
          , "children":
          [
            {
              "name":"Cluster 0"
              , "id":3
              , "type":"cluster"
            }
            , {
              "name":"Cluster 1"
              , "id":9
              , "type":"cluster"
            }
          ]
        }
      ]
    }
  ]
  , "links":
  [
  ]
}
